Face_Id,Age,Gender,Embedding shape,Bbox,Landmark
1,52,Male,"(512,)",[427  33 472  91],"[[436  60]
 [455  56]
 [446  68]
 [442  78]
 [459  74]]"
2,49,Male,"(512,)",[18 31 61 87],"[[33 54]
 [51 58]
 [41 66]
 [31 72]
 [46 75]]"
3,39,Female,"(512,)",[230 175 272 236],"[[240 201]
 [260 201]
 [250 213]
 [240 219]
 [260 219]]"
4,40,Male,"(512,)",[331 169 372 225],"[[341 192]
 [360 190]
 [351 202]
 [343 210]
 [361 209]]"
5,37,Male,"(512,)",[112  42 149  89],"[[123  61]
 [141  59]
 [134  71]
 [125  77]
 [142  76]]"
6,37,Female,"(512,)",[181  61 216 106],"[[190  78]
 [207  77]
 [199  87]
 [192  95]
 [207  94]]"
7,39,Male,"(512,)",[339  43 377  91],"[[346  61]
 [363  59]
 [354  71]
 [351  80]
 [364  78]]"
8,27,Female,"(512,)",[273  61 307 110],"[[280  80]
 [298  81]
 [288  89]
 [281  97]
 [296  97]]"
